{"cameraMode":{"drawMode":0,"name":"Shaded","section":"Shading Mode"},"sceneLighting":true,"audioPlay":false,"sceneViewState":{"m_AlwaysRefresh":false,"showFog":true,"showSkybox":true,"showFlares":true,"showImageEffects":true,"showParticleSystems":true,"showVisualEffectGraphs":true,"m_FxEnabled":true},"in2DMode":false,"pivot":{"x":-7.4364471435546879,"y":11.425384521484375,"z":-9.048376083374024},"rotation":{"x":0.1511649340391159,"y":0.02875669300556183,"z":-0.004399152938276529,"w":0.9880926609039307},"size":142.3291473388672,"orthographic":false}