{"cameraMode":{"drawMode":0,"name":"Shaded","section":"Shading Mode"},"sceneLighting":true,"audioPlay":false,"sceneViewState":{"m_AlwaysRefresh":false,"showFog":true,"showSkybox":true,"showFlares":true,"showImageEffects":true,"showParticleSystems":true,"showVisualEffectGraphs":true,"m_FxEnabled":true},"in2DMode":false,"pivot":{"x":-15.747184753417969,"y":-31.852825164794923,"z":-97.37724304199219},"rotation":{"x":0.1798141598701477,"y":-0.06513378024101258,"z":0.012574106454849244,"w":0.9816446304321289},"size":50.806861877441409,"orthographic":false}